witness_id,name,phone,address,is_recurring
WIT_5,Madison Hughes,(613)218-0666,"430 Hardy Branch Apt. 782
Janicebury, NV 14514",False
WIT_6,Nicholas Baxter,670.441.5578x13731,"Unit 1756 Box 2479
DPO AP 36617",False
WIT_7,Darlene Gonzalez,978-827-3059,"407 Espinoza Locks
Pennyville, MA 58463",False
WIT_8,Jared Hughes,799-778-5652,"45866 Thompson Fall Apt. 722
Kennedyview, AZ 57314",False
WIT_9,Annette Hays,513-482-7386x883,"25468 Lopez Loop Suite 103
Richardfort, KY 84573",False
WIT_10,Kristin Collins,214.392.6273x5060,"4609 Jones Rapids Apt. 910
New Danielfurt, MI 87795",False
WIT_11,Erica Morgan,230-701-7846x2742,"8987 Brian Trail
East Daniel, MO 49458",False
WIT_12,Stephanie Hudson,307-508-6117,"25006 Thompson Mount Suite 434
Kathrynchester, MA 18870",False
WIT_13,Megan Rocha,8532477411,"953 Cooper Rapid Suite 592
West Jenniferstad, FM 42856",False
WIT_14,Richard Moreno,(430)916-4303,"4332 Reed Motorway Suite 740
Wendyfort, NH 17472",False
WIT_15,Mark Long,397-228-3419x067,"442 Beth Gateway Apt. 642
East Wesleychester, MI 66813",False
WIT_16,Larry Montes,9243891055,"45651 Victoria Fork Suite 344
Lake Mistytown, NY 03136",False
WIT_17,Matthew Jones,001-239-959-4357x8459,"82111 Phillip Route
North Teresa, NY 10820",False
WIT_18,Dennis Simpson,+1-789-237-7070,"062 Barnett Ferry Suite 624
East Ronald, NV 20544",False
WIT_19,Randy Obrien,9479078937,"399 Houston Fields
Knightville, AS 68550",False
WIT_20,Donald Rodriguez,+1-298-338-5792x82629,"59952 Mcfarland Mission Suite 155
East Susan, CA 85383",False
WIT_21,Todd Perez,+1-434-375-6196x17650,"27864 Barron View
Browntown, MI 16311",False
WIT_22,Terri Perez,+1-406-931-9053x7693,"746 Harold Passage
Stewartland, CA 98393",False
WIT_23,Carla Green,587.320.7579,"9419 Keller Island Suite 243
Adamshire, VT 18996",False
WIT_24,Jillian Ortega,(473)768-5070x518,"31867 Wendy Neck
Bethview, KY 97732",False
WIT_25,Jeffrey Buck,+1-266-376-0150x434,"5576 Murray Manor
Coxmouth, FM 25742",False
WIT_26,Leah Woods,210-650-6859x0233,"214 Fields Way Suite 165
Port Mary, NH 29301",False
WIT_27,Rachel Morris,001-842-389-0781x62930,"1066 Ray Center
South Melanie, NH 08061",False
WIT_28,Anthony Wilson,997.279.6319x946,"087 Gilbert Views Apt. 229
North William, WV 64737",False
WIT_29,Emily Harrison,001-888-882-4375,"74823 Monique Camp Suite 154
Olsenshire, MI 02592",False
WIT_30,Zachary Christian,367.621.1567,"246 Hurley Row
Lake Johnland, MT 43237",False
WIT_31,Donald Bowman,+1-731-359-6378x13191,"369 Anthony Mill
West Ryanport, LA 78937",False
WIT_32,Randy Fleming,+1-915-319-3942,"Unit 1926 Box 8900
DPO AP 66106",False
WIT_33,Jessica Gregory,+1-968-414-4166x6117,"06708 Matthew Path Suite 824
West Cindyfort, NM 93783",False
WIT_34,Vanessa Morris,324.900.3031x5186,"24947 Baker Courts Suite 958
East Wendy, CA 79024",False
WIT_35,Angela Taylor,(633)449-2277x7085,"95543 Scott Turnpike
North John, SC 01049",False
WIT_36,Erik Mathews,469.541.5139x8553,"397 David Island
Port Luis, TX 94527",False
WIT_37,Donald King,(813)495-7965,"35006 Gates Islands Suite 804
New Patricia, AZ 62872",False
WIT_38,Kimberly Stone,(255)887-2937,"587 Oscar Pine
West Michaelberg, GU 89163",False
WIT_39,Charles Harris,001-216-575-0115x327,"7756 Lewis Oval
East Vanessashire, OR 70903",False
WIT_40,Joseph Hensley,001-853-782-8981x223,"76445 Eric Islands Suite 222
New Tamiborough, WY 37283",False
WIT_41,Sandra Rhodes,(399)861-3807,"939 Morgan Camp Suite 838
New Donald, MS 19598",False
WIT_42,Kelli Cross,5428785710,"6956 Leslie Bypass
Austinland, DC 28584",False
WIT_43,Joshua Payne,001-308-288-6081,"236 John Loop Apt. 858
Joseview, IL 64460",False
WIT_44,Brian Gonzalez,(677)563-8319x18043,"756 Thompson Point Apt. 801
Ramirezburgh, PA 12493",False
WIT_45,Melissa Perez,526-259-7460,"21781 Buchanan Brook
Gregorybury, VI 18923",False
WIT_46,Ernest Stephens Jr.,685-392-0630,"2618 Alec Key
North Sarah, AK 09603",False
WIT_47,Matthew White,213-362-2380x13702,"14696 Michelle Freeway Suite 077
South Eric, SC 97886",False
WIT_48,Anthony Marquez,+1-206-335-3335,"USNS Fisher
FPO AA 09444",False
WIT_49,Ryan Johnston,(817)930-5151x3320,"0741 Matthew Roads
Perrybury, IA 74355",False
WIT_50,Robert Perez,657.343.3919x58000,"5014 Stone Rue Apt. 465
Port Kimberlybury, OK 34012",False
WIT_51,Sue Wood,(484)564-2018x190,"5198 Richard Brook
Port Tommystad, AZ 60327",False
WIT_0,Tanya Rodriguez,698.497.6330x230,"38831 Smith Drive
Anthonyberg, NM 02618",True
WIT_1,Alexander Collins,001-986-766-8470x72602,"3680 Harris Oval Apt. 808
East James, PR 06158",True
WIT_2,Alyssa Franklin,001-382-847-7075,"863 Stevens Spur
New Deborah, CA 56025",True
WIT_3,Laura Smith,(668)881-2790x4252,"8179 Eric Heights
Lake Cherylmouth, PA 58548",True
WIT_4,Caleb Grant,234.680.9854x48789,"PSC 8334, Box 6586
APO AP 60514",True
